Data Source,World Development Indicators
,
Last Updated Date,10-07-25
,
Country Name,Country Code,Indicator Name,Indicator Code,2020,2021,2022,2023,2024
Aruba,ABW,"GDP, PPP (current international $)",NY.GDP.MKTP.PP.CD,3146467247.47262,3844492519.39592,4469402564.46605,4827649139.53984,
Africa Eastern and Southern,AFE,"GDP, PPP (current international $)",NY.GDP.MKTP.PP.CD,2520538632543.32,2786223906150.26,3094935963349.23,3266560801122.18,3447399081277.67
Afghanistan,AFG,"GDP, PPP (current international $)",NY.GDP.MKTP.PP.CD,100094011602.726,85767546197.7544,86148711748.6848,91271896894.46,
Africa Western and Central,AFW,"GDP, PPP (current international $)",NY.GDP.MKTP.PP.CD,2127999646959.16,2306546845821.81,2571066726471.9,2754834316999.26,2942661070484.42
Angola,AGO,"GDP, PPP (current international $)",NY.GDP.MKTP.PP.CD,215784887951.053,255820605533.992,282403642417.848,295719779328.449,316269278905.416
Albania,ALB,"GDP, PPP (current international $)",NY.GDP.MKTP.PP.CD,41182971627.7157,45345719391.0897,54015565957.2178,58388027078.0145,63761192697.8729
Andorra,AND,"GDP, PPP (current international $)",NY.GDP.MKTP.PP.CD,4031176207.5678,4649508748.84024,5457407403.46601,5799854946.96513,6140390670.0909
Arab World,ARB,"GDP, PPP (current international $)",NY.GDP.MKTP.PP.CD,6478734719063.33,7371096765017.84,8449293584283.37,8886642358486.52,9253999567617.39
United Arab Emirates,ARE,"GDP, PPP (current international $)",NY.GDP.MKTP.PP.CD,614384479773.466,645375981350.196,743309077886.72,797922323198.497,847957424147.982
Argentina,ARG,"GDP, PPP (current international $)",NY.GDP.MKTP.PP.CD,1011999397129.76,1191725417699.43,1343969240640.99,1369900046451.38,1378906089397.47
Armenia,ARM,"GDP, PPP (current international $)",NY.GDP.MKTP.PP.CD,43552758696.8095,47164867556.762,56893939956.673,63833326718.2115,69234115090.8141
American Samoa,ASM,"GDP, PPP (current international $)",NY.GDP.MKTP.PP.CD,,,,,
Antigua and Barbuda,ATG,"GDP, PPP (current international $)",NY.GDP.MKTP.PP.CD,2054603457.83519,2377570792.25983,2779062289.10061,2948949156.32379,3150959938.89349
Australia,AUS,"GDP, PPP (current international $)",NY.GDP.MKTP.PP.CD,1384652202439.55,1494437295625.78,1713614547048.26,1879379921223.82,1936797839321.65
Austria,AUT,"GDP, PPP (current international $)",NY.GDP.MKTP.PP.CD,521841933098.152,563937063927.258,639574811164.391,643595441773.677,657343622086.766
Azerbaijan,AZE,"GDP, PPP (current international $)",NY.GDP.MKTP.PP.CD,153047750160.236,203884098954.124,228717780540.74,240157347500.686,255978795310.91
Burundi,BDI,"GDP, PPP (current international $)",NY.GDP.MKTP.PP.CD,9923498550.19194,10847771568.5348,11836036574.1336,12588790450.8385,13343073380.4774
Belgium,BEL,"GDP, PPP (current international $)",NY.GDP.MKTP.PP.CD,647547562363.422,702925341289.817,796097823446.673,814029729290.6,856629284653.932
Benin,BEN,"GDP, PPP (current international $)",NY.GDP.MKTP.PP.CD,42407309934.6404,46467947984.7692,52893642973.6996,58278092338.3684,64135878351.0355
Burkina Faso,BFA,"GDP, PPP (current international $)",NY.GDP.MKTP.PP.CD,51134807594.6267,54689652540.5665,59465954759.397,63429415199.2733,68201683192.8703
Bangladesh,BGD,"GDP, PPP (current international $)",NY.GDP.MKTP.PP.CD,1104316059486.83,1247561124482.2,1431395376250.57,1568541874255.92,1674316179059.49
Bulgaria,BGR,"GDP, PPP (current international $)",NY.GDP.MKTP.PP.CD,179336952546.507,201555151287.05,231557092922.466,241796730275.678,264775178278.769
Bahrain,BHR,"GDP, PPP (current international $)",NY.GDP.MKTP.PP.CD,78668739612.8244,82671890844.1512,94039487080.4043,101201588299.581,106776082045.154
"Bahamas, The",BHS,"GDP, PPP (current international $)",NY.GDP.MKTP.PP.CD,10769304826.4195,12313201284.2481,14625921166.6018,15614176109.9621,16532024282.4816
Bosnia and Herzegovina,BIH,"GDP, PPP (current international $)",NY.GDP.MKTP.PP.CD,54010125838.4267,59338714265.9436,67676711039.9018,71703747014.8435,69522273869.1429
Belarus,BLR,"GDP, PPP (current international $)",NY.GDP.MKTP.PP.CD,233301042735.647,256855349956.29,262349397260.188,283005268450.188,301471103995.527
Belize,BLZ,"GDP, PPP (current international $)",NY.GDP.MKTP.PP.CD,3758836239.11244,4616637500.26857,5423194808.06664,5682898282.4383,6294776296.61763
Bermuda,BMU,"GDP, PPP (current international $)",NY.GDP.MKTP.PP.CD,5481895565.20419,5968282122.23481,6807865902.96515,7399642886.20114,7738130438.58606
Bolivia,BOL,"GDP, PPP (current international $)",NY.GDP.MKTP.PP.CD,98004280065.3528,112858166789.685,125263793321.541,133770780373.29,138902580580.686
Brazil,BRA,"GDP, PPP (current international $)",NY.GDP.MKTP.PP.CD,3359777233364.89,3787769507585.78,4180229770180.59,4471035569136.8,4734651403044.36
Barbados,BRB,"GDP, PPP (current international $)",NY.GDP.MKTP.PP.CD,4457727484.3495,4425161020.06509,5586046010.36701,6023965379.53364,6404076764.65263
Brunei Darussalam,BRN,"GDP, PPP (current international $)",NY.GDP.MKTP.PP.CD,31223413949.8832,35346624879.392,37250061034.253,39025627135.7118,41648164901.1898
Bhutan,BTN,"GDP, PPP (current international $)",NY.GDP.MKTP.PP.CD,9605861812.92756,10436528611.9245,11763540572.3864,12781872654.6775,
Botswana,BWA,"GDP, PPP (current international $)",NY.GDP.MKTP.PP.CD,36179872025.3284,43131382324.765,48741318383.3474,52115142882.6254,51779485612.7835
Central African Republic,CAF,"GDP, PPP (current international $)",NY.GDP.MKTP.PP.CD,5359843442.72162,5769272621.61696,6208645631.10986,6477079364.49913,6735836123.99946
Canada,CAN,"GDP, PPP (current international $)",NY.GDP.MKTP.PP.CD,1847837502049.2,2179485548675.88,2475481278941.65,2583898469288.89,2702879648009.75
Central Europe and the Baltics,CEB,"GDP, PPP (current international $)",NY.GDP.MKTP.PP.CD,3693617487749.07,4024398935016.4,4482449299178.03,4660757295613.2,4979284343636.16
Switzerland,CHE,"GDP, PPP (current international $)",NY.GDP.MKTP.PP.CD,630567393919.535,705080509164.276,801577494672.78,804425726191.751,847567772890.845
Channel Islands,CHI,"GDP, PPP (current international $)",NY.GDP.MKTP.PP.CD,,,,,
Chile,CHL,"GDP, PPP (current international $)",NY.GDP.MKTP.PP.CD,491062045094.545,565981846554.521,602631465819.443,644836890413.857,684594682203.973
China,CHN,"GDP, PPP (current international $)",NY.GDP.MKTP.PP.CD,25777238693451.8,29438240129870.1,32525464028395.1,35520435397067.7,38190084585497.8
Cote d'Ivoire,CIV,"GDP, PPP (current international $)",NY.GDP.MKTP.PP.CD,160302939789.704,179178274483.428,204237508213.331,225235088913.669,244407043373.227
Cameroon,CMR,"GDP, PPP (current international $)",NY.GDP.MKTP.PP.CD,114420802871.501,129022200845.744,143385827220.975,153370677810.357,162845309666.946
"Congo, Dem. Rep.",COD,"GDP, PPP (current international $)",NY.GDP.MKTP.PP.CD,109045443618.14,130243843399.282,151981795496.983,171005766912.844,186833135551.667
"Congo, Rep.",COG,"GDP, PPP (current international $)",NY.GDP.MKTP.PP.CD,27446361623.0188,36903988991.0873,40118334632.1584,42354479275.5663,44497676671.9019
Colombia,COL,"GDP, PPP (current international $)",NY.GDP.MKTP.PP.CD,785737564322.414,889808627041.398,1070755175690.69,1095839760556.08,1136771232492.38
Comoros,COM,"GDP, PPP (current international $)",NY.GDP.MKTP.PP.CD,2616330804.01696,2821917777.54899,3108308931.75495,3318845023.61956,3514286024.8808
Cabo Verde,CPV,"GDP, PPP (current international $)",NY.GDP.MKTP.PP.CD,3526877323.02085,3970664151.46117,4927702546.11045,5380239592.51596,5911044392.74439
Costa Rica,CRI,"GDP, PPP (current international $)",NY.GDP.MKTP.PP.CD,111257806526.907,120695515793.091,131743438291.443,143338340238.733,154219710536.776
Caribbean small states,CSS,"GDP, PPP (current international $)",NY.GDP.MKTP.PP.CD,89872844012.2782,104573449542.966,129644883755.765,147978035571.739,174613524421.519
Cuba,CUB,"GDP, PPP (current international $)",NY.GDP.MKTP.PP.CD,,,,,
Curacao,CUW,"GDP, PPP (current international $)",NY.GDP.MKTP.PP.CD,3377382703.96868,3834193240.62081,4432992604.20274,4785486256.0917,
Cayman Islands,CYM,"GDP, PPP (current international $)",NY.GDP.MKTP.PP.CD,4541293667.09992,5198568359.3221,5856365563.73081,6331606438.29745,
Cyprus,CYP,"GDP, PPP (current international $)",NY.GDP.MKTP.PP.CD,38672028566.7788,43923040810.4633,51062040030.0696,53042918220.7842,57562539070.935
Czechia,CZE,"GDP, PPP (current international $)",NY.GDP.MKTP.PP.CD,479686413475.523,502134232985.641,551853486423.138,578154104196.061,618168364251.941
Germany,DEU,"GDP, PPP (current international $)",NY.GDP.MKTP.PP.CD,4880368289108.08,5202314428956.09,5663892390556.96,5763465942185.64,6037851748487.12
Djibouti,DJI,"GDP, PPP (current international $)",NY.GDP.MKTP.PP.CD,6108376123.1385,6682759257.72075,7529088292.28275,8375036988.61577,9088246562.64647
Dominica,DMA,"GDP, PPP (current international $)",NY.GDP.MKTP.PP.CD,962493750.735115,1062394694.29521,1256467931.15199,1349220673.88532,1410211841.8057
Denmark,DNK,"GDP, PPP (current international $)",NY.GDP.MKTP.PP.CD,365525756328.655,408303200976.802,456897040142.032,438513061150.911,475256247950.47
Dominican Republic,DOM,"GDP, PPP (current international $)",NY.GDP.MKTP.PP.CD,209139062581.87,245311121758.829,276565908801.115,292799158645.68,314728445100.483
Algeria,DZA,"GDP, PPP (current international $)",NY.GDP.MKTP.PP.CD,558300141593.952,648895630480.26,720184226953.646,776689344138.3,821720979879.888
East Asia & Pacific (excluding high income),EAP,"GDP, PPP (current international $)",NY.GDP.MKTP.PP.CD,33979316936655.2,38242455087062.5,42512341327448.1,46311510338913.3,49775908459051.3
Early-demographic dividend,EAR,"GDP, PPP (current international $)",NY.GDP.MKTP.PP.CD,32721466714930.4,36912841039778.1,42425709152118.7,46240093066834.9,49261914236722.6
East Asia & Pacific,EAS,"GDP, PPP (current international $)",NY.GDP.MKTP.PP.CD,45775496932246.4,50911335061825.2,56174560492098,60680763442066.9,64817217343570.9
Europe & Central Asia (excluding high income),ECA,"GDP, PPP (current international $)",NY.GDP.MKTP.PP.CD,4909732586514.66,5507304688509.1,6251213471228.94,6797341167753.47,7169894446611.27
Europe & Central Asia,ECS,"GDP, PPP (current international $)",NY.GDP.MKTP.PP.CD,35088050617955.9,39054850848058.3,43516146601723.5,45194810740365.4,47882610499948
Ecuador,ECU,"GDP, PPP (current international $)",NY.GDP.MKTP.PP.CD,202250004868.163,238844767157.606,270888879826.819,286216244218.746,287270811094.559
"Egypt, Arab Rep.",EGY,"GDP, PPP (current international $)",NY.GDP.MKTP.PP.CD,1665073256894.19,1728601012503.64,1973837735890.74,2121756770377.81,2225198389821.18
Euro area,EMU,"GDP, PPP (current international $)",NY.GDP.MKTP.PP.CD,17242206398650.1,18814407928932.5,20894509526633.2,21529972425869.4,22771768044453.1
Eritrea,ERI,"GDP, PPP (current international $)",NY.GDP.MKTP.PP.CD,,,,,
Spain,ESP,"GDP, PPP (current international $)",NY.GDP.MKTP.PP.CD,1862544224980.41,2099468112223.22,2411673616292.85,2573555479216.76,2778406789838.98
Estonia,EST,"GDP, PPP (current international $)",NY.GDP.MKTP.PP.CD,54074496993.4123,58895787305.748,64477259538.1489,64116051940.5513,67685292223.1433
Ethiopia,ETH,"GDP, PPP (current international $)",NY.GDP.MKTP.PP.CD,286209788226.356,316145121458.38,356708609996.737,393913047366.849,432956582272.738
European Union,EUU,"GDP, PPP (current international $)",NY.GDP.MKTP.PP.CD,21259965541737.4,23194293266141.8,25754473475786.8,26520185531191.5,28106717050858.2
Fragile and conflict affected situations,FCS,"GDP, PPP (current international $)",NY.GDP.MKTP.PP.CD,4878744257039.49,5249991282376.92,5520109078554.07,5833993549609.11,6097129600838.84
Finland,FIN,"GDP, PPP (current international $)",NY.GDP.MKTP.PP.CD,294705726881.034,314676442275.461,340851311803.993,344041186768.172,361295951878.505
Fiji,FJI,"GDP, PPP (current international $)",NY.GDP.MKTP.PP.CD,10279861871.0686,9795237652.39681,12570554288.7776,14002772365.9417,14890504165.0068
France,FRA,"GDP, PPP (current international $)",NY.GDP.MKTP.PP.CD,3345024904336.18,3562923665911.39,3823961003427.32,3982377923514.52,4201559866305.39
Faroe Islands,FRO,"GDP, PPP (current international $)",NY.GDP.MKTP.PP.CD,3240676994.6779,3612505897.96273,4007679026.98816,4255233982.57627,
"Micronesia, Fed. Sts.",FSM,"GDP, PPP (current international $)",NY.GDP.MKTP.PP.CD,408436301.392917,440323830.730667,458009181.572488,476777887.975835,491818179.321161
Gabon,GAB,"GDP, PPP (current international $)",NY.GDP.MKTP.PP.CD,33623700958.8772,44025399637.0532,48596848106.4511,51576945114.2288,54611645902.5402
United Kingdom,GBR,"GDP, PPP (current international $)",NY.GDP.MKTP.PP.CD,3219066303872.09,3416480549650.65,3957840318954.8,3966748015298.24,4196506479513.42
Georgia,GEO,"GDP, PPP (current international $)",NY.GDP.MKTP.PP.CD,62509091761.2555,70150781357.7257,83387742354.0657,93154469864.0276,104402557696.264
Ghana,GHA,"GDP, PPP (current international $)",NY.GDP.MKTP.PP.CD,192835182975.95,214867175690.96,238944324844.797,255315535798.758,276354650562.227
Gibraltar,GIB,"GDP, PPP (current international $)",NY.GDP.MKTP.PP.CD,,,,,
Guinea,GIN,"GDP, PPP (current international $)",NY.GDP.MKTP.PP.CD,44550864730.0015,51260936277.8168,57097045519.8568,62429641817.0929,67563663630.9152
"Gambia, The",GMB,"GDP, PPP (current international $)",NY.GDP.MKTP.PP.CD,6366827515.11477,7155630814.36372,8086871862.08048,8779798182.33222,9508853052.23079
Guinea-Bissau,GNB,"GDP, PPP (current international $)",NY.GDP.MKTP.PP.CD,4651372626.0746,5113853513.57436,5784423379.20533,6260059859.57007,6720047738.84264
Equatorial Guinea,GNQ,"GDP, PPP (current international $)",NY.GDP.MKTP.PP.CD,23476322655.934,29585328380.1352,32716287050.0915,32168599846.5359,33245374421.9212
Greece,GRC,"GDP, PPP (current international $)",NY.GDP.MKTP.PP.CD,315962662965.275,354397719330.584,406715086017.971,428522833617.814,457879263225.249
Grenada,GRD,"GDP, PPP (current international $)",NY.GDP.MKTP.PP.CD,1670787843.20161,1785107389.63748,2052376386.20236,2225731369.77757,2363736937.19831
Greenland,GRL,"GDP, PPP (current international $)",NY.GDP.MKTP.PP.CD,3663823635.61473,3926166709.012,4290395274.14051,4483270596.14879,
Guatemala,GTM,"GDP, PPP (current international $)",NY.GDP.MKTP.PP.CD,190017068738.276,208106516253.135,232272538658.502,249132470255.789,264474716594.799
Guam,GUM,"GDP, PPP (current international $)",NY.GDP.MKTP.PP.CD,,,,,
Guyana,GUY,"GDP, PPP (current international $)",NY.GDP.MKTP.PP.CD,13581364399.677,18646751960.8246,32628001896.9885,45225503511.8058,66408625273.3259
High income,HIC,"GDP, PPP (current international $)",NY.GDP.MKTP.PP.CD,69353862795581.4,77036437415752.8,85161753800059.2,89129549261467,93981788595588.3
"Hong Kong SAR, China",HKG,"GDP, PPP (current international $)",NY.GDP.MKTP.PP.CD,435300511002.663,488411631115.747,503958247509.736,538875248007.027,565930796570.721
Honduras,HND,"GDP, PPP (current international $)",NY.GDP.MKTP.PP.CD,54491208505.2883,63827909343.1217,71211813748.7635,76412349804.3719,81041415057.1236
Heavily indebted poor countries (HIPC),HPC,"GDP, PPP (current international $)",NY.GDP.MKTP.PP.CD,2374127406675.88,2610318769933.95,2925162338401.08,3127571573950.64,3365117805576.31
Croatia,HRV,"GDP, PPP (current international $)",NY.GDP.MKTP.PP.CD,123673080238.848,143260829579.288,161780896899.541,176012568553.046,187807190506.827
Haiti,HTI,"GDP, PPP (current international $)",NY.GDP.MKTP.PP.CD,34891691692.7124,35658760079.8831,37558509107.2691,38184773698.6659,37477453598.1256
Hungary,HUN,"GDP, PPP (current international $)",NY.GDP.MKTP.PP.CD,344108181960.693,374519891736.617,422741088429.769,435174441789.902,455509390728.313
IBRD only,IBD,"GDP, PPP (current international $)",NY.GDP.MKTP.PP.CD,70942370949035.1,80509095092778.5,89935290281155.4,97784416887468.7,104569250641115
IDA & IBRD total,IBT,"GDP, PPP (current international $)",NY.GDP.MKTP.PP.CD,78465332323918.9,88686218417769.8,99083060905905.6,107545938082582,114992508043933
IDA total,IDA,"GDP, PPP (current international $)",NY.GDP.MKTP.PP.CD,7537753115657.05,8193638533593.98,9166229447023.55,9781452043621.84,10444248919234.3
IDA blend,IDB,"GDP, PPP (current international $)",NY.GDP.MKTP.PP.CD,3315084302293.89,3580405169363.25,4004895251665.26,4254754673379.99,4525577495105.92
Indonesia,IDN,"GDP, PPP (current international $)",NY.GDP.MKTP.PP.CD,3223404542894.6,3530623140454.75,3983074391531.86,4334743944551.08,4662887595103.26
IDA only,IDX,"GDP, PPP (current international $)",NY.GDP.MKTP.PP.CD,4240500686756.22,4633169889694.2,5183649311830.22,5550963049149.72,5945737179491.79
Isle of Man,IMN,"GDP, PPP (current international $)",NY.GDP.MKTP.PP.CD,,,,,
India,IND,"GDP, PPP (current international $)",NY.GDP.MKTP.PP.CD,9771021183358.88,11384367630967.9,13124053155136.1,14845911292307.9,16190819718797.5
Not classified,INX,"GDP, PPP (current international $)",NY.GDP.MKTP.PP.CD,,,,,
Ireland,IRL,"GDP, PPP (current international $)",NY.GDP.MKTP.PP.CD,492886866396.886,597445848156.993,709490152389.069,662924221900.406,705755786877.782
"Iran, Islamic Rep.",IRN,"GDP, PPP (current international $)",NY.GDP.MKTP.PP.CD,1237805777178.19,1322577157396.53,1470380001563.54,1600138337693.92,1688651728561.7
Iraq,IRQ,"GDP, PPP (current international $)",NY.GDP.MKTP.PP.CD,445338053116.048,548372044650.92,634224994897.802,660448460341.748,665966378219.474
Iceland,ISL,"GDP, PPP (current international $)",NY.GDP.MKTP.PP.CD,20447442733.9865,22951036648.8571,28049039292.067,30156746997.1461,31664276580.4617
Israel,ISR,"GDP, PPP (current international $)",NY.GDP.MKTP.PP.CD,377407052497.651,432603337813.424,511940108074.608,525948204389.143,555481708109.946
Italy,ITA,"GDP, PPP (current international $)",NY.GDP.MKTP.PP.CD,2641203589480.81,2946333608376.65,3319366253339.18,3415333338674.66,3589121540312.88
Jamaica,JAM,"GDP, PPP (current international $)",NY.GDP.MKTP.PP.CD,25451633088.1949,27176946493.566,30634742220.3548,32563744657.7294,33111437467.4481
Jordan,JOR,"GDP, PPP (current international $)",NY.GDP.MKTP.PP.CD,104080200892.953,101616771489.092,111743557894.989,119103273959.643,125019343386.99
Japan,JPN,"GDP, PPP (current international $)",NY.GDP.MKTP.PP.CD,5356710635860.81,5574650884739.54,5930403853110.9,6212962918547.56,6407671854496.88
Kazakhstan,KAZ,"GDP, PPP (current international $)",NY.GDP.MKTP.PP.CD,565757228613.755,650469813945.991,719143972705.045,783017688189.349,840445512071.735
Kenya,KEN,"GDP, PPP (current international $)",NY.GDP.MKTP.PP.CD,250255393335.358,284129273925.386,319179328511.243,349035957917.845,373549891750.11
Kyrgyz Republic,KGZ,"GDP, PPP (current international $)",NY.GDP.MKTP.PP.CD,34834094213.2461,39301901464.0311,45879594489.2342,51814586970.3659,57864889798.0022
Cambodia,KHM,"GDP, PPP (current international $)",NY.GDP.MKTP.PP.CD,99390356590.6425,105674090069.142,119015567874.092,129472162766.306,140580072943.655
Kiribati,KIR,"GDP, PPP (current international $)",NY.GDP.MKTP.PP.CD,341842564.466708,387761958.155448,434376227.301959,461941012.755098,498029490.186256
St. Kitts and Nevis,KNA,"GDP, PPP (current international $)",NY.GDP.MKTP.PP.CD,1280771310.01142,1257766533.81363,1486796318.77658,1606969716.58137,1665025419.53542
"Korea, Rep.",KOR,"GDP, PPP (current international $)",NY.GDP.MKTP.PP.CD,2340031075342.67,2506662609666.9,2647260793541.75,2699603936744.09,
Kuwait,KWT,"GDP, PPP (current international $)",NY.GDP.MKTP.PP.CD,182442653725.594,220886348976.419,252627730077.861,257354882134.389,256830086700.12
Latin America & Caribbean (excluding high income),LAC,"GDP, PPP (current international $)",NY.GDP.MKTP.PP.CD,9208514712620.74,10376937868562.7,11665524986850.9,12339952316042.2,12898792336877.7
Lao PDR,LAO,"GDP, PPP (current international $)",NY.GDP.MKTP.PP.CD,58135955846.4305,60225053628.2101,66265586057.857,71221494499.9171,76049830544.9911
Lebanon,LBN,"GDP, PPP (current international $)",NY.GDP.MKTP.PP.CD,92719310020.9046,66328931529.5091,70616088355.3971,72600709791.5249,
Liberia,LBR,"GDP, PPP (current international $)",NY.GDP.MKTP.PP.CD,8545642458.19244,8095196890.78495,9089317746.92568,9857427644.16015,10579672532.0552
Libya,LBY,"GDP, PPP (current international $)",NY.GDP.MKTP.PP.CD,77180930238.7107,90199384483.2022,88656571302.4505,101174573849.539,102993304184.472
St. Lucia,LCA,"GDP, PPP (current international $)",NY.GDP.MKTP.PP.CD,2658092445.8899,3409978230.91316,4397900557.96638,4656839898.51058,4955061818.04914
Latin America & Caribbean,LCN,"GDP, PPP (current international $)",NY.GDP.MKTP.PP.CD,10735724274883.9,12111316973474.3,13593105222392,14408100168878.8,15102115104990.4
Least developed countries: UN classification,LDC,"GDP, PPP (current international $)",NY.GDP.MKTP.PP.CD,3741960914108.29,4067044414065.73,4575139577354.83,4898552709402.87,5219086833721.01
Low income,LIC,"GDP, PPP (current international $)",NY.GDP.MKTP.PP.CD,1117429016342.73,1204746232312.57,1334453483835.45,1376844649980.78,1453722328302.25
Liechtenstein,LIE,"GDP, PPP (current international $)",NY.GDP.MKTP.PP.CD,,,,,
Sri Lanka,LKA,"GDP, PPP (current international $)",NY.GDP.MKTP.PP.CD,283651681999.953,317188291991.223,314829453164.917,318559256926.749,342603896900.927
Lower middle income,LMC,"GDP, PPP (current international $)",NY.GDP.MKTP.PP.CD,20598070868298.5,23005935126235.4,26221989013960.6,28900894970920.9,31178041990377.7
Low & middle income,LMY,"GDP, PPP (current international $)",NY.GDP.MKTP.PP.CD,69863796639786,78601195609118.1,88168021687024,95869404129747.8,102471819129132
Lesotho,LSO,"GDP, PPP (current international $)",NY.GDP.MKTP.PP.CD,5721443976.33825,5755132494.46552,6312660804.56615,6659272958.62664,7008693666.1915
Late-demographic dividend,LTE,"GDP, PPP (current international $)",NY.GDP.MKTP.PP.CD,45166615603970.2,51472823246247.5,56884419575345.4,61377400509556.9,65751605769423.2
Lithuania,LTU,"GDP, PPP (current international $)",NY.GDP.MKTP.PP.CD,115963490767.144,128830296666.031,142993189030.375,146206359207.239,157150520997.22
Luxembourg,LUX,"GDP, PPP (current international $)",NY.GDP.MKTP.PP.CD,76953191626.4398,87543117438.5072,93643147424.9449,94916112738.7786,102180990717.512
Latvia,LVA,"GDP, PPP (current international $)",NY.GDP.MKTP.PP.CD,62223400359.4028,69560319491.8466,75101731516.1743,78495987718.931,81699623488.0085
"Macao SAR, China",MAC,"GDP, PPP (current international $)",NY.GDP.MKTP.PP.CD,39219148014.2064,50626336573.1949,43600459870.7372,79074346817.4287,88119857289.2449
St. Martin (French part),MAF,"GDP, PPP (current international $)",NY.GDP.MKTP.PP.CD,,,,,
Morocco,MAR,"GDP, PPP (current international $)",NY.GDP.MKTP.PP.CD,286108585852.483,323485096796.555,351840396847.175,376906204043.986,398513761721.117
Monaco,MCO,"GDP, PPP (current international $)",NY.GDP.MKTP.PP.CD,,,,,
Moldova,MDA,"GDP, PPP (current international $)",NY.GDP.MKTP.PP.CD,35646566427.3806,40707659297.2633,41603848485.6981,43618128785.717,44718897540.0215
Madagascar,MDG,"GDP, PPP (current international $)",NY.GDP.MKTP.PP.CD,43150154155.6067,46835678113.5552,52260133350.5089,56416214294.2179,60207191110.5255
Maldives,MDV,"GDP, PPP (current international $)",NY.GDP.MKTP.PP.CD,6741118651.2306,9834087308.92595,11991813788.7322,13010501267.78,14009213969.3321
"Middle East, North Africa, Afghanistan & Pakistan",MEA,"GDP, PPP (current international $)",NY.GDP.MKTP.PP.CD,9200823600163.3,10321020669142,11771196067719.3,12450947425784.5,13040733255261.5
Mexico,MEX,"GDP, PPP (current international $)",NY.GDP.MKTP.PP.CD,2454084724796.82,2652858835981.85,3006940450744.82,3224627506520.01,3361570175385.56
Marshall Islands,MHL,"GDP, PPP (current international $)",NY.GDP.MKTP.PP.CD,262085491.939992,277401943.188956,293856595.45483,292451749.919892,307823221.268995
Middle income,MIC,"GDP, PPP (current international $)",NY.GDP.MKTP.PP.CD,68782080070912.9,77430685395505.1,86870052717185.6,94523824113700.3,101046864977123
North Macedonia,MKD,"GDP, PPP (current international $)",NY.GDP.MKTP.PP.CD,37052260242.8725,40681504691.9464,44084717528.5101,44581273725.1933,47648935134.4505
Mali,MLI,"GDP, PPP (current international $)",NY.GDP.MKTP.PP.CD,59141995694.5382,62603712698.5219,69419933564.9113,75310419236.7841,80991580402.8523
Malta,MLT,"GDP, PPP (current international $)",NY.GDP.MKTP.PP.CD,25768258954.3147,29433654077.1052,32126739375.4334,34869883001.818,38690522255.8677
Myanmar,MMR,"GDP, PPP (current international $)",NY.GDP.MKTP.PP.CD,304367346941.67,276462287916.21,308130563643.829,322277844296.53,326862397165.755
"Middle East, North Africa, Afghanistan & Pakistan (excluding high income)",MNA,"GDP, PPP (current international $)",NY.GDP.MKTP.PP.CD,6066249777007.41,6546703308773.4,7330204983382.37,7807495872200.97,8181179977034.69
Montenegro,MNE,"GDP, PPP (current international $)",NY.GDP.MKTP.PP.CD,13050296519.1466,14903409289.4305,17209273854.0872,19080877955.8567,20823349604.3018
Mongolia,MNG,"GDP, PPP (current international $)",NY.GDP.MKTP.PP.CD,45560002626.38,50053145881.8599,56320298556.3279,62677497750.9381,67315454531.6436
Northern Mariana Islands,MNP,"GDP, PPP (current international $)",NY.GDP.MKTP.PP.CD,,,,,
Mozambique,MOZ,"GDP, PPP (current international $)",NY.GDP.MKTP.PP.CD,43454882038.8104,46205728911.2947,51660358771.4538,56429069634.9957,58863787008.2917
Mauritania,MRT,"GDP, PPP (current international $)",NY.GDP.MKTP.PP.CD,26408154182.6331,27635403694.625,31617666980.5464,34886849205.0866,37588430731.7267
Mauritius,MUS,"GDP, PPP (current international $)",NY.GDP.MKTP.PP.CD,26999298652.9561,28793361692.7371,33527657824.4858,36473533933.3164,39108930779.9098
Malawi,MWI,"GDP, PPP (current international $)",NY.GDP.MKTP.PP.CD,29563756336.0156,33831623933.4187,36577488742.4275,38610812096.7184,40266877390.592
Malaysia,MYS,"GDP, PPP (current international $)",NY.GDP.MKTP.PP.CD,931106663877.47,1022398815013.98,1192353239707.87,1279178242678.17,1377111092000.87
North America,NAC,"GDP, PPP (current international $)",NY.GDP.MKTP.PP.CD,23207424397614.3,25866624830798.1,28489182144844.6,30312007112175.1,31895507778448.4
Namibia,NAM,"GDP, PPP (current international $)",NY.GDP.MKTP.PP.CD,25525198217.6345,27287889637.5942,30811603933.0551,33338484196.9914,35411935194.1771
New Caledonia,NCL,"GDP, PPP (current international $)",NY.GDP.MKTP.PP.CD,,,,,
Niger,NER,"GDP, PPP (current international $)",NY.GDP.MKTP.PP.CD,35501317683.8958,38850574077.5224,46573248097.999,49053754855.8382,54470927080.1992
Nigeria,NGA,"GDP, PPP (current international $)",NY.GDP.MKTP.PP.CD,1145672541683.2,1200097354375.41,1327463569776.87,1414565464577.3,1498412309012.06
Nicaragua,NIC,"GDP, PPP (current international $)",NY.GDP.MKTP.PP.CD,41191106018.3216,47305035692.4433,52476847102.5256,56772319876.1377,60231278859.8267
Netherlands,NLD,"GDP, PPP (current international $)",NY.GDP.MKTP.PP.CD,1091779125681.31,1202303330254.13,1365670124059.38,1399872810238.12,1515446904606.01
Norway,NOR,"GDP, PPP (current international $)",NY.GDP.MKTP.PP.CD,361019819522.16,481254696871.483,672046133630.964,554373266075.445,562975486235.512
Nepal,NPL,"GDP, PPP (current international $)",NY.GDP.MKTP.PP.CD,122690085757.445,134000165871.651,151637641435.803,160208624971.652,170096869228.542
Nauru,NRU,"GDP, PPP (current international $)",NY.GDP.MKTP.PP.CD,127393790.142383,142810518.117187,157507758.531779,164230287.418445,171162307.259243
New Zealand,NZL,"GDP, PPP (current international $)",NY.GDP.MKTP.PP.CD,230861725700.254,245325429880.081,274518817915.021,282465277069.748,294116842342.865
OECD members,OED,"GDP, PPP (current international $)",NY.GDP.MKTP.PP.CD,63586395655625,69661075527112.3,77628260415729.9,81122815560513.6,85281691988887.5
Oman,OMN,"GDP, PPP (current international $)",NY.GDP.MKTP.PP.CD,159026046195.661,174253981507.44,201584895347.812,211317905980.11,220050947267.551
Other small states,OSS,"GDP, PPP (current international $)",NY.GDP.MKTP.PP.CD,264150736406.683,295673935586.993,331388454271.967,348136567150.924,373101871018.326
Pakistan,PAK,"GDP, PPP (current international $)",NY.GDP.MKTP.PP.CD,1186293820824.83,1285342890384.16,1442774797327.02,1494096011172.99,1579724190316.89
Panama,PAN,"GDP, PPP (current international $)",NY.GDP.MKTP.PP.CD,115991046900.546,134415382039.559,159506658380.049,177473406612.851,186966392940.242
Peru,PER,"GDP, PPP (current international $)",NY.GDP.MKTP.PP.CD,412561044537.264,506640152835.223,558007303167.352,575755500916.112,609160441707.407
Philippines,PHL,"GDP, PPP (current international $)",NY.GDP.MKTP.PP.CD,923366701020.759,1001824458376.1,1154612182082.28,1262175096006.69,1366276178143.49
Palau,PLW,"GDP, PPP (current international $)",NY.GDP.MKTP.PP.CD,308998425.908997,278538180.29621,294462365.925938,310784315.618683,
Papua New Guinea,PNG,"GDP, PPP (current international $)",NY.GDP.MKTP.PP.CD,38277259227.6824,39820324163.1154,45094122323.6713,48497108860.9418,51703809951.007
Poland,POL,"GDP, PPP (current international $)",NY.GDP.MKTP.PP.CD,1391432848266.15,1518447457166.84,1696649925504.66,1715410382146.69,1841555375507.14
Pre-demographic dividend,PRE,"GDP, PPP (current international $)",NY.GDP.MKTP.PP.CD,3724961848250.6,4106293459040.18,4588213242919.56,4856327898413.68,5129156669219.57
Puerto Rico (US),PRI,"GDP, PPP (current international $)",NY.GDP.MKTP.PP.CD,120954841139.023,132333844622.722,145960792688.495,151966227244.953,160662993787.144
"Korea, Dem. People's Rep.",PRK,"GDP, PPP (current international $)",NY.GDP.MKTP.PP.CD,,,,,
Portugal,PRT,"GDP, PPP (current international $)",NY.GDP.MKTP.PP.CD,370352154969.925,400564219793.068,464925463530.28,501685643184.293,541680354802.56
Paraguay,PRY,"GDP, PPP (current international $)",NY.GDP.MKTP.PP.CD,94492100805.0321,102977624582.579,110513599071.106,120213942441.323,128353419878.212
West Bank and Gaza,PSE,"GDP, PPP (current international $)",NY.GDP.MKTP.PP.CD,28609644862.7012,27878126229.8832,31085036506.3256,30736464884.9718,23119472384.4172
Pacific island small states,PSS,"GDP, PPP (current international $)",NY.GDP.MKTP.PP.CD,16578705962.3639,16326860655.64,19577316168.0581,21464975183.7898,22872677718.0379
Post-demographic dividend,PST,"GDP, PPP (current international $)",NY.GDP.MKTP.PP.CD,57192222058713.8,62701912461765.5,68993249273429.5,72121691112846.8,75875167678677.2
French Polynesia,PYF,"GDP, PPP (current international $)",NY.GDP.MKTP.PP.CD,,,,,
Qatar,QAT,"GDP, PPP (current international $)",NY.GDP.MKTP.PP.CD,229537462611.12,292655073655.389,326640697729.822,342411792316.801,360400243355.573
Romania,ROU,"GDP, PPP (current international $)",NY.GDP.MKTP.PP.CD,662457212259.124,721523865728.457,804188142123.286,872482675661.564,928913155536.387
Russian Federation,RUS,"GDP, PPP (current international $)",NY.GDP.MKTP.PP.CD,4651428694918.23,5688268314339.54,6006312352159.35,6476475754986.43,6921249292202.15
Rwanda,RWA,"GDP, PPP (current international $)",NY.GDP.MKTP.PP.CD,29854116562.1372,36505744034.3984,42300132773.9933,47437550805.895,52904129982.2052
South Asia,SAS,"GDP, PPP (current international $)",NY.GDP.MKTP.PP.CD,11298025991067.3,13103387829233.9,15045670980348.5,16919013422384.7,18405750941967.6
Saudi Arabia,SAU,"GDP, PPP (current international $)",NY.GDP.MKTP.PP.CD,1499327559869.91,1929888259783.05,2315588932554.49,2411929204431.52,2514913068784.39
Sudan,SDN,"GDP, PPP (current international $)",NY.GDP.MKTP.PP.CD,156677404687.453,156168260027.791,165699797555.15,121136486067.806,107325139957.427
Senegal,SEN,"GDP, PPP (current international $)",NY.GDP.MKTP.PP.CD,63008586953.5983,71874343647.3324,79963390334.37,86367675226.1367,94552533446.064
Singapore,SGP,"GDP, PPP (current international $)",NY.GDP.MKTP.PP.CD,577213563024.154,723237492898.215,806629380658.055,850875741862.077,909690217412.881
Solomon Islands,SLB,"GDP, PPP (current international $)",NY.GDP.MKTP.PP.CD,1790742946.55102,1920525664.42788,2106879008.43794,2240672978.6838,2353128856.82257
Sierra Leone,SLE,"GDP, PPP (current international $)",NY.GDP.MKTP.PP.CD,21532775187.7736,23085417016.3665,26045397865.5962,28523326333.4677,30381570304.5728
El Salvador,SLV,"GDP, PPP (current international $)",NY.GDP.MKTP.PP.CD,58560345367.2006,67623210509.8633,74584847418.3675,80003362561.6454,84069963659.7839
San Marino,SMR,"GDP, PPP (current international $)",NY.GDP.MKTP.PP.CD,1919532829.45196,2217650250.23726,2563404991.87884,,
"Somalia, Fed. Rep.",SOM,"GDP, PPP (current international $)",NY.GDP.MKTP.PP.CD,24216384566.5524,24049850383.6657,26467106675.8023,28575608117.4546,30429157389.6073
Serbia,SRB,"GDP, PPP (current international $)",NY.GDP.MKTP.PP.CD,144971610190.422,159966578501.841,174890782225.665,190405803486.781,209916881496.891
Sub-Saharan Africa (excluding high income),SSA,"GDP, PPP (current international $)",NY.GDP.MKTP.PP.CD,4359017865999.11,4773155904594.39,5305167167612.98,5623225113116.54,5952680412098.55
South Sudan,SSD,"GDP, PPP (current international $)",NY.GDP.MKTP.PP.CD,,,,,
Sub-Saharan Africa,SSF,"GDP, PPP (current international $)",NY.GDP.MKTP.PP.CD,4648714927196.54,5092757793950.75,5666029047186.69,6021610376538.01,6390448032629.79
Small states,SST,"GDP, PPP (current international $)",NY.GDP.MKTP.PP.CD,370602286381.326,416574245785.6,480610654195.791,517647567046.397,571199447609.649
Sao Tome and Principe,STP,"GDP, PPP (current international $)",NY.GDP.MKTP.PP.CD,1118602098.8079,1272434617.36875,1365452217.67886,1419852369.84081,1467273474.71863
Suriname,SUR,"GDP, PPP (current international $)",NY.GDP.MKTP.PP.CD,10376871438.022,11405269573.3629,12512408102.7077,13291848753.1644,13999818895.3817
Slovak Republic,SVK,"GDP, PPP (current international $)",NY.GDP.MKTP.PP.CD,192849134106.197,208880643198.039,223223380690.808,238504448129.551,255817817489.38
Slovenia,SVN,"GDP, PPP (current international $)",NY.GDP.MKTP.PP.CD,87812276776.0687,96790459870.841,107883106099.669,114403545993.986,120202434629.026
Sweden,SWE,"GDP, PPP (current international $)",NY.GDP.MKTP.PP.CD,595211778250.693,653401537327.892,696077173608.22,708681710101.324,750771294152.114
Eswatini,SWZ,"GDP, PPP (current international $)",NY.GDP.MKTP.PP.CD,11089502959.4158,12000822909.8146,13000358552.0008,13932070260.5826,14645762517.3661
Sint Maarten (Dutch part),SXM,"GDP, PPP (current international $)",NY.GDP.MKTP.PP.CD,1595272169.0693,1683919292.28275,1980763467.4678,2130016574.19517,2257875752.07463
Seychelles,SYC,"GDP, PPP (current international $)",NY.GDP.MKTP.PP.CD,3057830378.36233,2975737695.0276,3593088408.93978,3806479822.17321,4033634641.49159
Syrian Arab Republic,SYR,"GDP, PPP (current international $)",NY.GDP.MKTP.PP.CD,78675556558.0617,99337766654.2033,107199859817.267,109716574910.853,
Turks and Caicos Islands,TCA,"GDP, PPP (current international $)",NY.GDP.MKTP.PP.CD,866859707.740014,1133630688.91659,1385534118.5613,1632486730.74219,1766207429.49504
Chad,TCD,"GDP, PPP (current international $)",NY.GDP.MKTP.PP.CD,37652981933.4921,43413141699.6579,52506266944.3359,56635362494.0746,60124620441.2808
East Asia & Pacific (IDA & IBRD countries),TEA,"GDP, PPP (current international $)",NY.GDP.MKTP.PP.CD,33937109067428.6,38194881908502.3,42459440035601.9,46253864109985.2,49713944568728.5
Europe & Central Asia (IDA & IBRD countries),TEC,"GDP, PPP (current international $)",NY.GDP.MKTP.PP.CD,11918061374743.5,13780360306610.3,15151701880838.2,16279519279376.9,17314194638642.6
Togo,TGO,"GDP, PPP (current international $)",NY.GDP.MKTP.PP.CD,20432437140.6536,22881375789.0174,25924518421.0834,28578384313.6457,30820719452.2057
Thailand,THA,"GDP, PPP (current international $)",NY.GDP.MKTP.PP.CD,1372918881143.84,1451959884645.39,1595614286791.42,1686384776706.79,1770790698282.56
Tajikistan,TJK,"GDP, PPP (current international $)",NY.GDP.MKTP.PP.CD,35623586501.7738,39727222945.4623,45964333259.2586,51570629197.8085,57254340774.0345
Turkmenistan,TKM,"GDP, PPP (current international $)",NY.GDP.MKTP.PP.CD,104880701502.71,116551626881.618,132602544199.709,146028887635.91,152946223418.887
Latin America & the Caribbean (IDA & IBRD countries),TLA,"GDP, PPP (current international $)",NY.GDP.MKTP.PP.CD,10428910435186.3,11768936525743,13210487091560.6,14004790954147,14677672566938.6
Timor-Leste,TLS,"GDP, PPP (current international $)",NY.GDP.MKTP.PP.CD,8131467055.83302,9214418303.23059,7843625021.65762,6653072513.86234,6664784682.18532
"Middle East, North Africa, Afghanistan & Pakistan (IDA & IBRD)",TMN,"GDP, PPP (current international $)",NY.GDP.MKTP.PP.CD,6038190631894.66,6519448204352.57,7299818780829.17,7777526637394.46,8159290037249.51
Tonga,TON,"GDP, PPP (current international $)",NY.GDP.MKTP.PP.CD,707144886.352161,742114235.069721,776659170.824984,821375658.673323,
South Asia (IDA & IBRD),TSA,"GDP, PPP (current international $)",NY.GDP.MKTP.PP.CD,11298025991067.3,13103387829233.9,15045670980348.5,16919013422384.7,18405750941967.6
Sub-Saharan Africa (IDA & IBRD countries),TSS,"GDP, PPP (current international $)",NY.GDP.MKTP.PP.CD,4648714927196.54,5092757793950.75,5666029047186.69,6021610376538.01,6390448032629.79
Trinidad and Tobago,TTO,"GDP, PPP (current international $)",NY.GDP.MKTP.PP.CD,36714254092.0185,41607493861.9341,45056280789.3976,47343724129.5556,49288895345.5197
Tunisia,TUN,"GDP, PPP (current international $)",NY.GDP.MKTP.PP.CD,142707604074.227,149936984870.616,164920776695.978,170922172724.961,177419626655.921
Turkiye,TUR,"GDP, PPP (current international $)",NY.GDP.MKTP.PP.CD,2391489351774.66,2637031078345.11,3322805935564.67,3611520825480.45,3757012846422.01
Tuvalu,TUV,"GDP, PPP (current international $)",NY.GDP.MKTP.PP.CD,53265739.9121290,54568264.1071130,56566149.3258560,60378318.7776040,
Tanzania,TZA,"GDP, PPP (current international $)",NY.GDP.MKTP.PP.CD,194561908147.279,212790081675.953,238369618090.938,259466130648.377,280425918025.025
Uganda,UGA,"GDP, PPP (current international $)",NY.GDP.MKTP.PP.CD,112575267254.241,123267190675.87,138114236789.416,150720488734.493,163837595822.047
Ukraine,UKR,"GDP, PPP (current international $)",NY.GDP.MKTP.PP.CD,656105592902.923,746470597165.436,569710531654.787,622877549405.733,656527758167.994
Upper middle income,UMC,"GDP, PPP (current international $)",NY.GDP.MKTP.PP.CD,48156051494342.8,54394021815146.4,60611906890377.4,65582079645398,69824833386054.6
Uruguay,URY,"GDP, PPP (current international $)",NY.GDP.MKTP.PP.CD,87439329471.1228,99971136649.7861,111903244231.607,116790310507.257,123332335624.219
United States,USA,"GDP, PPP (current international $)",NY.GDP.MKTP.PP.CD,21354104999999.9,23681171000000,26006893000000,27720709000000,29184890000000.1
Uzbekistan,UZB,"GDP, PPP (current international $)",NY.GDP.MKTP.PP.CD,283862781607.33,316673503929.41,359610275444.799,395989161090.91,431926264607.887
St. Vincent and the Grenadines,VCT,"GDP, PPP (current international $)",NY.GDP.MKTP.PP.CD,1587736725.00597,1666116701.3437,1840427498.43829,2008208590.20078,2140311608.05812
"Venezuela, RB",VEN,"GDP, PPP (current international $)",NY.GDP.MKTP.PP.CD,,,,,
British Virgin Islands,VGB,"GDP, PPP (current international $)",NY.GDP.MKTP.PP.CD,,,,,
Virgin Islands (U.S.),VIR,"GDP, PPP (current international $)",NY.GDP.MKTP.PP.CD,4437509717.07484,4964620106.61981,5248832928.55256,,
Viet Nam,VNM,"GDP, PPP (current international $)",NY.GDP.MKTP.PP.CD,1138632490789.12,1192059299524.62,1386074827447.82,1508682497102.43,1654734391083.39
Vanuatu,VUT,"GDP, PPP (current international $)",NY.GDP.MKTP.PP.CD,931732926.139278,959152084.296053,1080824944.57348,1108914310.26689,1180786247.76989
World,WLD,"GDP, PPP (current international $)",NY.GDP.MKTP.PP.CD,139883627523722,156376544233105,174155095978076,185887009554559,197428075938714
Samoa,WSM,"GDP, PPP (current international $)",NY.GDP.MKTP.PP.CD,1367201018.48976,1328426324.85394,1347620477.33121,1524676297.75854,1708678659.25856
Kosovo,XKX,"GDP, PPP (current international $)",NY.GDP.MKTP.PP.CD,18854775198.3459,22080260569.6251,24666524708.6885,26593569203.4249,28438508914.5235
"Yemen, Rep.",YEM,"GDP, PPP (current international $)",NY.GDP.MKTP.PP.CD,,,,,
South Africa,ZAF,"GDP, PPP (current international $)",NY.GDP.MKTP.PP.CD,767391152773.916,843280245239.583,920670092262.266,960461552882.65,989390398251.402
Zambia,ZMB,"GDP, PPP (current international $)",NY.GDP.MKTP.PP.CD,60176229608.2428,68672119764.9363,77401882826.5905,84491503485.3915,90033312819.5772
Zimbabwe,ZWE,"GDP, PPP (current international $)",NY.GDP.MKTP.PP.CD,54509873679.9634,50310711158.7869,57206472522.111,62427821459.538,65234986601.4722

